{"train/loss": 10.996561050415039, "val/loss": 10.991423606872559, "iter": 0, "lr": 0.0, "_timestamp": 1688308351.902252, "_runtime": 270.6620879173279, "_step": 0, "_wandb": {"runtime": 269}}